Numeros;ID;Date;Statut;nEvenements;Stylet;Pointe_IJ_mm;SXS_C3D_IJ_mm;Ecart_pointe_SXS_mm;Frame_SXS_C3D;Remarque
1;18792;20220523;OK;1;Stylus1;161.73156053397;161.731374446085;0.000322566775270804;NaN;
1;18792;20230307;OK;1;Stylus1;176.247908841876;176.248616260192;0.000358310336846436;NaN;
2;23370;20220523;OK;1;Stylus1;172.481826964172;172.480519531296;0.000325685593045636;NaN;
2;23370;20221213;OK;1;Stylus1;125.606369282236;125.606469726167;0.000297408087017935;NaN;
3;75042;20220523;SXS_FAUX;1;Stylusb;189.896317891425;141.32331906957;150.152324611925;22;SXS du C3D = pointe à la frame 22 (écart 150 mm)
3;75042;20230131;OK;1;Stylus1;126.945386474664;126.945615153663;0.000318044240253517;NaN;
4;30432;20220718;OK;1;Stylus1;110.181534810995;110.180389340678;0.000308059913554853;NaN;
4;30432;20251021;SANS_POINTAGE_PLAUSIBLE;0;;NaN;148.751200660642;NaN;NaN;
5;356971;20220718;OK;1;Stylus1;133.3630915574;133.367176807367;0.000315021362769297;NaN;
5;356971;20231010;OK;1;Stylus1;115.870416609188;115.871165414596;0.000360115114336005;NaN;
6;416617;20220614;SXS_FAUX;1;Stylusb;205.715425127783;132.688190947897;150.104334880275;13;SXS du C3D = pointe à la frame 13 (écart 150 mm)
6;416617;20230905;OK;1;Stylus1;139.719971042669;139.712354992945;0.000358953679855559;NaN;
7;10102;20220602;OK;1;Stylus1;158.943489766942;158.943369909313;0.000337511068710042;NaN;
7;10102;20230221;OK;1;Stylus1;125.154770329121;125.155287360745;0.000328319594275887;NaN;
8;399423;20220623;SXS_FAUX;1;Stylusb;196.552502910976;142.396228376022;150.104664671118;163;SXS du C3D = pointe à la frame 163 (écart 150 mm)
8;399423;20230207;OK;1;Stylus1;153.265044172967;153.268416800075;0.000367696618869951;NaN;
8;399423;20231010;OK;1;Stylus1;133.905620193298;133.911020658339;0.00035037007611066;NaN;
9;124681;20220714;SXS_FAUX;1;Stylusb;179.591728233161;145.634243589418;150.088637689478;18;SXS du C3D = pointe à la frame 18 (écart 150 mm)
9;124681;20230921;OK;1;Stylus1;126.360214164359;126.356403052656;0.000305817707088655;NaN;
10;321022;20220825;OK;1;Stylus1;144.187025455298;144.190135744708;0.000311020326139592;NaN;
10;321022;20230829;OK;1;Stylus1;145.236327568196;145.236683154514;0.000341779426553949;NaN;
11;496545;20220705;OK;1;Stylus1;141.228146190528;141.227783855704;0.000319008637035226;NaN;
11;496545;20240201;SXS_FAUX;1;Stylusb;187.888556582481;429.656874608699;263.496153427128;610;SXS du C3D = pointe à la frame 610 (écart 23 mm)
12;165415;20220823;OK;1;Stylus1;132.111881381455;132.113399310249;0.000301440576920829;NaN;
12;165415;20230817;OK;1;Stylus1;130.607374447739;130.605878545067;0.000335143254782412;NaN;
13;605904;20220712;OK;1;Stylus1;149.795299429674;149.795036453443;0.000302975069317739;NaN;
13;605904;20230124;OK;1;Stylus1;159.141609750915;159.129184067879;0.000340210214887499;NaN;
14;7375;20220718;OK;1;Stylus1;163.849293359678;163.849506495369;0.000358730964762443;NaN;
14;7375;20230221;OK;1;Stylus1;155.684489622317;155.683863089758;0.000360864878201255;NaN;
15;265244;20220830;OK;1;Stylus1;155.676286483055;155.676832084632;0.000311445935734121;NaN;
15;265244;20230919;OK;1;Stylus1;161.548033448359;161.53426674747;0.000301275939107289;NaN;
16+117;728495;20220929;OK;1;Stylus1;142.025379682373;142.025661002455;0.00029158723187406;NaN;
16+117;728495;20231107;OK;1;Stylus1;132.662911734995;132.666120360303;0.000339787282482818;NaN;
16+117;728495;20240611;SXS_FAUX;1;Stylusb;175.195627791586;612.217231410548;526.430562862872;4;SXS du C3D = pointe à la frame 4 (écart 38 mm)
16+117;728495;20250826;SANS_POINTAGE_PLAUSIBLE;0;;NaN;148.018143926506;NaN;NaN;
17;166206;20220920;OK;1;Stylus1;162.486634367756;162.486988815134;0.000295786482126672;NaN;
17;166206;20230919;OK;1;Stylus1;156.656377214648;156.65743958288;0.000367040835253562;NaN;
18;920506;20220915;OK;1;Stylus1;159.088637396629;159.089098942468;0.000306438755400099;NaN;
18;920506;20230914;OK;1;Stylus1;146.648019143139;146.66251941684;0.000363080484288448;NaN;
19;865139;20220906;OK;1;Stylus1;151.191282327393;151.191386231002;0.000309729771666786;NaN;
19;865139;20231010;OK;1;Stylus1;142.675972497441;142.677068343256;0.000286462755805195;NaN;
20;53972;20220927;SXS_FAUX;1;Stylus1;121.376847686427;114.984889000683;150.203503990526;1;SXS du C3D = pointe à la frame 1 (écart 150 mm)
20;53972;20240111;SXS_FAUX;1;Stylusb;163.670456613398;1065.62370172306;970.337368112394;5;SXS du C3D = pointe à la frame 5 (écart 56 mm)
21;97438620;20220906;OK;1;Stylus1;117.733334462639;117.733440892934;0.000316398199941134;NaN;
21;97438620;20231121;OK;1;Stylus1;137.076476212388;137.07636854145;0.00027393198397438;NaN;
22;1081778;20221020;OK;1;Stylus1;184.154865144512;184.155186541667;0.000318418469980902;NaN;
22;1081778;20231019;OK;1;Stylus1;142.086516373805;142.08664286279;0.000331187530731922;NaN;
22;1081778;20240213;SXS_FAUX;1;Stylusb;179.442605955821;434.14499293077;269.524053379606;1;SXS du C3D = pointe à la frame 1 (écart 8 mm)
23;232367;20221018;OK;1;Stylus1;150.589651762279;150.590255456122;0.000309864541804242;NaN;
23;232367;20231107;OK;1;Stylus1;139.821610264865;139.821779208298;0.000328603011122795;NaN;
24;27148;20221018;OK;1;Stylus1;162.982161428898;162.982097273656;0.000285443811764451;NaN;
24;27148;20231128;OK;1;Stylus1;144.080839971846;144.081432855102;0.00036245967659024;NaN;
25;283057;20221108;OK;1;Stylus1;129.845612573114;129.844399235182;0.000278880447938168;NaN;
25;283057;20231114;OK;1;Stylus1;132.739943965728;132.74018657362;0.000285875104537712;NaN;
26;185255;20221115;OK;1;Stylus1;150.302167975162;150.302560473607;0.000338064669408286;NaN;
26;185255;20231116;OK;1;Stylus1;137.267301090429;137.266705815374;0.000285905658979103;NaN;
27;733366;20221115;SXS_FAUX;1;Stylus1;167.960943872647;126.94698612026;159.869791840637;46;SXS du C3D = pointe à la frame 46 (écart 159 mm)
27;733366;20231130;SXS_FAUX;1;Stylus1;162.271009802762;102.691930014275;159.727772813701;305;SXS du C3D = pointe à la frame 305 (écart 116 mm)
28+50;135407;20221110;OK;1;Stylus1;153.288789274385;153.289325038776;0.000321263773654664;NaN;
28+50;135407;20230411;OK;1;Stylus1;168.594330172447;168.594320154039;0.000313604057014163;NaN;
28+50;135407;20231114;OK;1;Stylus1;128.276847509412;128.28287729404;0.00031601237703481;NaN;
28+50;135407;20240430;SXS_FAUX;1;Stylusb;167.47690571216;1186.15621272828;1094.68049293817;2;SXS du C3D = pointe à la frame 2 (écart 28 mm)
29;937635;20221108;OK;1;Stylus1;173.609393638449;173.60973593399;0.000289941490455925;NaN;
29;937635;20231207;OK;1;Stylusb;205.075249160224;205.250062160995;0.407698382887909;NaN;
31+62;371245;20221117;OK;1;Stylus1;170.883607241402;170.883429167009;0.000358610441591455;NaN;
31+62;371245;20230613;OK;1;Stylus1;155.053269430437;155.056025794644;0.000271675650925002;NaN;
31+62;371245;20231212;OK;1;Stylusb;173.177458723412;173.762571136604;0.682947288531844;NaN;
31+62;371245;20240910;OK;1;Stylusb;192.498988517763;192.477658824194;0.0652711445779887;NaN;
32;104625;20221129;OK;1;Stylus1;107.994238322874;107.995117908781;0.000316153879267903;NaN;
32;104625;20240321;SXS_FAUX;1;Stylusb;155.560047991288;512.300516044804;422.81040208729;5;SXS du C3D = pointe à la frame 5 (écart 4 mm)
33;97629279;20221108;OK;1;Stylus1;147.925081557326;147.925223211459;0.000318692829831373;NaN;
33;97629279;20231212;OK;1;Stylusb;185.643102028979;186.23594505985;0.611981515075472;NaN;
35;35477;20221215;OK;1;Stylus1;109.652367739554;109.651534780873;0.000347776330966083;NaN;
35;35477;20240618;A_VERIFIER;1;Stylusb;182.141324353081;198.110816234767;36.8415511802835;306;SXS du C3D = pointe à la frame 306 (écart 8 mm)
36;562760;20221215;OK;1;Stylus1;146.856986475411;146.856772566664;0.000319304818486144;NaN;
36;562760;20240208;SXS_FAUX;1;Stylusb;186.978629274709;583.506985083918;522.351947476688;1;SXS du C3D = pointe à la frame 1 (écart 18 mm)
37;394183;20230110;OK;1;Stylus1;132.113690748779;132.112771091072;0.000350440751294148;NaN;
37;394183;20240130;OK;1;Stylusb;184.188991866434;189.552565934534;13.9048268809211;NaN;
38;508762;20230110;OK;1;Stylus1;151.024726019108;151.027002995084;0.000325344127247048;NaN;
38;508762;20240326;SXS_FAUX;1;Stylusb;157.649488811809;624.568820997886;551.261565885466;5;SXS du C3D = pointe à la frame 5 (écart 25 mm)
39;97573449;20230117;OK;1;Stylus1;132.90908976505;132.909424529548;0.000344552109988274;NaN;
39;97573449;20240507;SXS_FAUX;1;Stylusb;174.721472959186;785.027256955472;670.690448705433;8;SXS du C3D = pointe à la frame 8 (écart 5 mm)
40;303574;20230119;OK;1;Stylus1;164.392743680673;164.385111528348;0.000328088221656171;NaN;
40;303574;20240220;SXS_FAUX;1;Stylusb;181.909737925918;1199.79427619014;1094.84731568941;1;SXS du C3D = pointe à la frame 1 (écart 34 mm)
41;138603;20230124;SXS_FAUX;1;Stylus1;150.751034590369;97.4521269147907;149.772045383349;46;SXS du C3D = pointe à la frame 46 (écart 149 mm)
41;138603;20240116;SXS_FAUX;1;Stylusb;186.010560239486;878.517167302757;742.590209262138;1;SXS du C3D = pointe à la frame 1 (écart 25 mm)
42;97186736;20230126;OK;1;Stylus1;164.524908242312;164.525260581313;0.00029455317936771;NaN;
42;97186736;20240213;SXS_FAUX;1;Stylusb;187.92648690285;540.080419008181;418.566187566976;1;SXS du C3D = pointe à la frame 1 (écart 42 mm)
43;107777;20230131;OK;1;Stylus1;180.410662023413;180.406988409643;0.000317027743073238;NaN;
43;107777;20240220;A_VERIFIER;1;Stylusb;179.639899680322;208.305290135603;49.7649195186148;11;SXS du C3D = pointe à la frame 11 (écart 8 mm)
44;7166;20230209;OK;1;Stylus1;142.991583039521;142.991954807405;0.000301484634710251;NaN;
44;7166;20240319;SXS_FAUX;1;Stylusb;167.396373806889;610.917493629452;492.839712391043;1;SXS du C3D = pointe à la frame 1 (écart 11 mm)
44;7166;20250123;OK;1;Stylusb;167.120330604983;167.160211899465;0.0556387861071444;NaN;
44;7166;20260210;SANS_POINTAGE_PLAUSIBLE;0;;NaN;152.176887015714;NaN;NaN;
45;97238605;20230223;OK;1;Stylus1;130.542635022644;130.541794015905;0.000333348223477255;NaN;
45;97238605;20240326;SXS_FAUX;1;Stylusb;175.187460058296;522.902584982245;392.70774150727;18;SXS du C3D = pointe à la frame 18 (écart 11 mm)
46;13617;20230321;OK;1;Stylus1;170.189668195118;170.190677454408;0.000310238815195296;NaN;
46;13617;20240409;SXS_FAUX;1;Stylusb;175.393184189824;1037.54997876879;949.042840525462;3;SXS du C3D = pointe à la frame 3 (écart 10 mm)
47+89;27523;20230328;SXS_FAUX;1;Stylus1;123.871696552175;94.7958107421438;150.832702863164;1;SXS du C3D = pointe à la frame 1 (écart 148 mm)
47+89;27523;20231219;OK;1;Stylusb;183.475238074568;183.482609648543;1.57307115560332e-05;NaN;
47+89;27523;20240514;SXS_FAUX;1;Stylusb;168.305496544854;780.492639921728;711.448687461866;2;SXS du C3D = pointe à la frame 2 (écart 30 mm)
47+89;27523;20250121;OK;1;Stylusb;165.612975581099;165.625303851066;0.128367853526212;NaN;
48;8589;20230328;OK;1;Stylus1;123.128163007974;123.129052604757;0.000355722068621181;NaN;
48;8589;20240521;SXS_FAUX;1;Stylusb;164.352295396462;585.817591976741;502.618459962634;36;SXS du C3D = pointe à la frame 36 (écart 23 mm)
49;973018;20230406;OK;1;Stylus1;119.481453895588;119.481267931677;0.000326478935211108;NaN;
49;973018;20240418;SXS_FAUX;1;Stylusb;148.808977997754;341.062188874268;283.51803805136;327;SXS du C3D = pointe à la frame 327 (écart 11 mm)
51;97865728;20230411;OK;1;Stylus1;129.208337413762;129.207994823987;0.000336659840708396;NaN;
51;97865728;20240625;OK;1;Stylusb;169.241205606682;169.247163871316;0.293978722941722;NaN;
52;97333474;20230427;OK;1;Stylus1;134.34068581912;134.341139344643;0.000283894187930395;NaN;
52;97333474;20240618;A_VERIFIER;1;Stylusb;189.119340315297;209.443243304262;34.3737152266447;485;SXS du C3D = pointe à la frame 485 (écart 7 mm)
53;53789;20230509;OK;1;Stylus1;137.637402404407;137.634529167481;0.000346666266071541;NaN;
53;53789;20240530;SXS_FAUX;1;Stylusb;197.535624262363;803.763225639017;672.434404147645;2;SXS du C3D = pointe à la frame 2 (écart 27 mm)
54;97492179;20230511;OK;1;Stylus1;126.382192799588;126.388184883678;0.000313263164429992;NaN;
54;97492179;20240618;SXS_FAUX;1;Stylusb;214.154673838204;702.813127890502;531.225022383296;14;SXS du C3D = pointe à la frame 14 (écart 20 mm)
55;3676;20230516;OK;1;Stylus1;137.59307300296;137.593069792813;0.000327971778314561;NaN;
55;3676;20240618;SXS_FAUX;1;Stylusb;175.59057593697;619.317077057774;488.880680349759;19;SXS du C3D = pointe à la frame 19 (écart 1 mm)
56;372287;20230516;OK;1;Stylus1;135.348219516343;135.345703129411;0.000323247021267147;NaN;
56;372287;20240611;SXS_FAUX;1;Stylusb;178.349590568654;558.65267334705;440.356129411597;14;SXS du C3D = pointe à la frame 14 (écart 3 mm)
57;146544;20230523;OK;1;Stylus1;119.37718470745;119.38005491524;0.000366562916000437;NaN;
57;146544;20240613;SXS_FAUX;1;Stylusb;189.802540579435;862.606849119613;794.448774153593;1;SXS du C3D = pointe à la frame 1 (écart 15 mm)
58;727530;20230523;OK;1;Stylus1;141.309400898384;141.308683398585;0.00033022806743155;NaN;
58;727530;20240917;OK;1;Stylusb;191.278775231408;191.275204353345;0.202824583078834;NaN;
59;125865;20230530;OK;1;Stylus1;149.830732298978;149.831045521234;0.000330219559803162;NaN;
59;125865;20240716;OK;1;Stylusb;181.871899611063;181.875912009216;7.5062053460174e-06;NaN;
60;79823;20230525;OK;1;Stylus1;136.886278773336;136.887498183287;0.000297444577049639;NaN;
60;79823;20240711;OK;1;Stylusb;168.988764519983;168.986311519527;5.4986229189189e-05;NaN;
61;37092;20230608;OK;1;Stylus1;128.976300564008;128.97725159776;0.000342600583414767;NaN;
61;37092;20240716;OK;1;Stylusb;173.306086065436;173.318214390951;0.100654814300481;NaN;
63;977799;20230615;OK;1;Stylus1;125.767729048246;125.769060930628;0.000297339621443335;NaN;
63;977799;20240815;OK;1;Stylusb;174.650200147899;174.654611326365;4.37833550229053e-05;NaN;
64;609367;20230622;OK;1;Stylus1;139.177055013929;139.178991582144;0.000322222396702028;NaN;
64;609367;20240903;OK;1;Stylusb;202.963473058619;202.992767284775;0.0484012776901651;NaN;
65;301190;20230627;OK;1;Stylus1;158.748676622445;158.74907869141;0.000292362011099002;NaN;
65;301190;20240926;OK;1;Stylusb;191.484371938938;191.492585408565;0.0535905215781472;NaN;
66;211673;20230706;OK;1;Stylus1;120.35643477949;120.356883429719;0.000313538146006166;NaN;
66;211673;20240827;OK;1;Stylusb;166.89590024549;166.891943624907;0.0266690925466941;NaN;
67;471512;20230810;OK;1;Stylus1;130.585608584804;130.585740654544;0.000337661399815608;NaN;
67;471512;20240924;OK;1;Stylusb;196.158329057286;196.101968352646;6.0854116227548e-06;NaN;
68;340724;20230810;OK;1;Stylus1;126.67993682183;126.680508173175;0.00032039017458808;NaN;
68;340724;20241001;OK;1;Stylusb;175.348539375294;175.372478834459;5.24514371872152e-05;NaN;
69;132227;20230912;OK;1;Stylus1;115.425783593104;115.427839935873;0.000285818828339445;NaN;
69;132227;20240924;OK;1;Stylusb;163.043432494384;163.034885879676;0.0251226344377233;NaN;
70;98868156;20230914;OK;1;Stylus1;158.232658150157;158.232189180874;0.00032360265903372;NaN;
70;98868156;20241008;OK;1;Stylusb;188.056825594954;188.057774475989;3.31460169136718e-05;NaN;
71+90;151607;20230914;SXS_FAUX;1;Stylus1;147.344719798346;1505.46008919992;1359.10856210023;520;SXS du C3D = pointe à la frame 520 (écart 926 mm)
71+90;151607;20240109;SXS_FAUX;1;Stylusb;180.708348220226;260.302130258865;116.604426837977;1;SXS du C3D = pointe à la frame 1 (écart 24 mm)
71+90;151607;20241203;OK;1;Stylusb;189.844826754348;189.880221169139;0.0374656028194083;NaN;
71+90;151607;20260108;SANS_POINTAGE_PLAUSIBLE;0;;NaN;169.671907223424;NaN;NaN;
72;575232;20230921;OK;1;Stylus1;150.454786042043;150.453363646814;0.000372458757680586;NaN;
72;575232;20241017;OK;1;Stylusb;192.391714256871;192.403249111277;0.418191230636223;NaN;
73;426335;20231003;OK;1;Stylus1;139.690938924918;139.692025984061;0.000297018426085886;NaN;
73;426335;20250211;OK;1;Stylusb;151.211721036163;151.183582917029;0.074647314953305;NaN;
74;265219;20231003;OK;1;Stylus1;120.441415726537;120.445577646935;0.000296104221409312;NaN;
74;265219;20241126;OK;1;Stylusb;154.100333709548;154.097555250913;2.51187280095295e-05;NaN;
75;98638206;20231017;OK;1;Stylus1;121.887046169509;121.886124567087;0.000282713828527508;NaN;
75;98638206;20241126;OK;1;Stylusb;146.581308841217;146.580868721141;5.48611951319357e-05;NaN;
76;736691;20231114;OK;1;Stylus1;148.165440445438;148.155405466509;0.000324729121209004;NaN;
76;736691;20241210;OK;1;Stylusb;158.292686597013;158.3188574219;0.058432688499296;NaN;
77;944315;20231114;OK;1;Stylus1;169.027169329676;169.019668030702;0.000329616875844789;NaN;
77;944315;20250107;OK;1;Stylusb;178.860152287006;178.866304866949;5.77783614958856e-05;NaN;
78;178816;20231116;OK;1;Stylus1;163.411863531672;163.411790888716;0.000274323074577994;NaN;
78;178816;20241121;OK;1;Stylusb;175.87200388572;175.872688127163;4.17217146177328e-05;NaN;
79;159676;20231116;OK;1;Stylus1;170.384200015566;170.385117495563;0.000315954562387896;NaN;
79;159676;20241114;OK;1;Stylusb;198.758527596791;198.75195265372;5.39967687034209e-05;NaN;
80;17081;20231017;OK;1;Stylus1;142.520496655087;142.521293629809;0.00033591608459305;NaN;
80;17081;20241203;OK;1;Stylusb;187.964860676575;187.991730582677;0.0562143304788347;NaN;
81;97137559;20231116;OK;1;Stylus1;161.541732565619;161.529830302403;0.000360759352639513;NaN;
81;97137559;20241205;OK;1;Stylusb;193.584016267657;193.614849768809;0.0578143337811959;NaN;
82;279782;20231128;OK;1;Stylus1;171.563200030222;171.553620948257;0.000338696704035988;NaN;
82;279782;20241205;OK;1;Stylusb;192.760805041593;192.764418950549;4.61974920024974e-05;NaN;
83;97751608;20231205;OK;1;Stylusb;167.61360531757;167.550504468181;0.129823546446323;NaN;
83;97751608;20250902;SANS_POINTAGE_PLAUSIBLE;0;;NaN;176.531642492158;NaN;NaN;
85;59006;20231212;OK;1;Stylusb;166.886681442831;167.19843358051;0.623809265022797;NaN;
85;59006;20241203;OK;1;Stylusb;185.344985051509;185.329337099652;0.0280768218358978;NaN;
86;18175;20231219;OK;1;Stylusb;183.961749313458;184.120984913651;0.198692891911381;NaN;
86;18175;20250211;OK;1;Stylusb;180.80406158425;180.86561334321;0.156901431603045;NaN;
87;73563;20231219;OK;1;Stylusb;167.570900141226;167.93402033161;0.434702960893017;NaN;
87;73563;20241121;OK;1;Stylusb;168.060119919837;168.060147607868;2.97155428021491e-05;NaN;
88;97044379;20231219;OK;1;Stylusb;150.645618877992;150.673279294028;0.203296593855462;NaN;
88;97044379;20241217;OK;1;Stylusb;153.869905445464;153.845412280903;0.0315788762065023;NaN;
91;376804;20240116;OK;1;Stylusb;177.622555766215;177.618539636471;4.49501251827019e-05;NaN;
91;376804;20250204;OK;1;Stylusb;178.892247009235;178.892628759739;4.04036177151815e-05;NaN;
92;98779103;20240130;OK;1;Stylusb;189.817945949488;189.845879891406;0.0235382679070472;NaN;
92;98779103;20250306;OK;1;Stylusb;180.421230597796;180.41759185358;2.24519669207354e-05;NaN;
93;846648;20240201;OK;1;Stylusb;169.143996541699;169.144811523432;1.64682482544979e-05;NaN;
93;846648;20250304;OK;1;Stylusb;135.357638086861;135.395395220663;0.149418888677983;NaN;
94;977471;20240206;OK;1;Stylusb;158.095259601471;158.107837827905;0.0649467699350415;NaN;
94;977471;20250204;OK;1;Stylusb;170.174108701849;170.172948893077;4.11736858531352e-06;NaN;
95;98645431;20240215;OK;1;Stylusb;206.644978518858;206.616705312405;2.53041933815415e-05;NaN;
95;98645431;20250415;OK;1;Stylusb;194.478135645605;194.588836473358;0.0710905175166809;NaN;
96;593818;20240220;OK;1;Stylusb;199.528547145454;199.528580994015;3.31535340156328e-05;NaN;
96;593818;20250415;OK;1;Stylusb;191.35317573407;191.348581820045;5.8457802089195e-05;NaN;
97;96054868;20240213;OK;1;Stylusb;169.954301920783;169.956188499015;0.0265219523838207;NaN;
97;96054868;20250220;OK;1;Stylusb;151.978338720686;151.979500751256;3.9345102701982e-05;NaN;
98;108260;20240222;OK;1;Stylusb;184.968177397069;184.96734396905;8.12293956461489e-06;NaN;
98;108260;20250318;OK;1;Stylusb;163.012448486071;163.010902215077;5.14677797109449e-05;NaN;
99;428051;20240305;OK;1;Stylusb;191.107547966816;191.106946666369;0.353538902480625;NaN;
99;428051;20250311;OK;1;Stylusb;172.507925093427;172.494133410644;0.0372074569697943;NaN;
101;161051;20240215;SXS_FAUX;1;Stylusb;182.21419109564;1400.27624483299;1272.13492450439;7;SXS du C3D = pointe à la frame 7 (écart 24 mm)
101;161051;20250325;OK;1;Stylusb;184.110393071295;184.110055160665;3.7691427320292e-05;NaN;
102;408557;20240312;OK;1;Stylusb;162.954649223403;162.956230432358;3.09948282031798e-05;NaN;
102;408557;20250318;OK;1;Stylusb;152.59773820754;152.56071480832;0.0678681799481154;NaN;
103;735715;20240312;SXS_FAUX;1;Stylusb;191.833966478971;799.690202368644;704.694607748968;1;SXS du C3D = pointe à la frame 1 (écart 9 mm)
103;735715;20250619;SANS_POINTAGE_PLAUSIBLE;0;;NaN;159.776901836483;NaN;NaN;
103;735715;20260217;SANS_POINTAGE_PLAUSIBLE;0;;NaN;175.412883601396;NaN;NaN;
104;224427;20240326;SXS_FAUX;1;Stylusb;188.440116481383;575.813497715492;454.109278562455;3;SXS du C3D = pointe à la frame 3 (écart 18 mm)
104;224427;20250527;SANS_POINTAGE_PLAUSIBLE;0;;NaN;NaN;NaN;NaN;
105;792089;20240328;SXS_FAUX;1;Stylusb;185.928369691336;842.193663541094;694.367587910992;1;SXS du C3D = pointe à la frame 1 (écart 19 mm)
105;792089;20250429;OK;1;Stylusb;185.046795586463;184.986343576065;0.0611597013436316;NaN;
106;320829;20240411;A_VERIFIER;1;Stylusb;192.368211388487;192.340761388762;45.4094299932947;374;SXS du C3D = pointe à la frame 374 (écart 5 mm)
106;320829;20250703;SANS_POINTAGE_PLAUSIBLE;0;;NaN;151.385636089043;NaN;NaN;
107;19922;20240416;SXS_FAUX;1;Stylusb;179.458672342833;609.729797262493;477.47014275488;72;SXS du C3D = pointe à la frame 72 (écart 3 mm)
107;19922;20250515;OK;1;Stylusb;177.311378803662;177.310983437069;5.76889968296125e-05;NaN;
108;97078784;20240416;SXS_FAUX;1;Stylusb;176.142256646948;599.89303959636;552.115235598078;1;SXS du C3D = pointe à la frame 1 (écart 32 mm)
108;97078784;20250506;OK;1;Stylusb;159.096997283587;159.098893771274;0.0248936275730075;NaN;
109;102587;20240430;SXS_FAUX;1;Stylusb;212.811723672098;935.891460402048;814.819103214933;5;SXS du C3D = pointe à la frame 5 (écart 11 mm)
109;102587;20250109;OK;1;Stylusb;194.556759020971;194.557375674175;1.83710264334768e-05;NaN;
110;137840;20240507;SXS_FAUX;1;Stylusb;193.917906571476;626.145238094495;482.012814100622;1;SXS du C3D = pointe à la frame 1 (écart 27 mm)
110;137840;20250715;SANS_POINTAGE_PLAUSIBLE;0;;NaN;174.591079971135;NaN;NaN;
111;98722678;20240502;SXS_FAUX;1;Stylusb;208.822974337318;728.011797053549;608.726975013926;1;SXS du C3D = pointe à la frame 1 (écart 39 mm)
111;98722678;20250624;SANS_POINTAGE_PLAUSIBLE;0;;NaN;189.375626758081;NaN;NaN;
112;949121;20240514;SXS_FAUX;1;Stylusb;174.472010627129;1155.82089167753;1051.47728506511;1;SXS du C3D = pointe à la frame 1 (écart 53 mm)
112;949121;20250610;SANS_POINTAGE_PLAUSIBLE;0;;NaN;164.949486652136;NaN;NaN;
113;247112;20240523;SXS_FAUX;1;Stylusb;195.949906795899;971.145910720863;824.127420061129;1;SXS du C3D = pointe à la frame 1 (écart 13 mm)
113;247112;20250610;SANS_POINTAGE_PLAUSIBLE;0;;NaN;167.465991491135;NaN;NaN;
114;844544;20240521;SXS_FAUX;1;Stylusb;168.373535974165;587.310719770713;469.938517823463;1;SXS du C3D = pointe à la frame 1 (écart 5 mm)
114;844544;20250617;SANS_POINTAGE_PLAUSIBLE;0;;NaN;165.401431108575;NaN;NaN;
115;589725;20240528;SXS_FAUX;1;Stylusb;171.955733563904;1022.35765864433;943.285494296733;1;SXS du C3D = pointe à la frame 1 (écart 46 mm)
115;589725;20250617;SANS_POINTAGE_PLAUSIBLE;0;;NaN;149.475245123576;NaN;NaN;
116;418338;20240528;OK;1;Stylusb;174.663421579341;179.661595226648;9.64292616083369;NaN;
116;418338;20250624;SANS_POINTAGE_PLAUSIBLE;0;;NaN;142.828445772406;NaN;NaN;
118;105745;20240611;SXS_FAUX;1;Stylusb;204.566291194123;1089.87196506766;984.369932356315;3;SXS du C3D = pointe à la frame 3 (écart 47 mm)
118;105745;20251007;SANS_POINTAGE_PLAUSIBLE;0;;NaN;166.307812523945;NaN;NaN;
119;97047208;20240611;SXS_FAUX;1;Stylusb;170.846876567171;706.814566166011;639.680353697524;28;SXS du C3D = pointe à la frame 28 (écart 13 mm)
119;97047208;20250930;SANS_POINTAGE_PLAUSIBLE;0;;NaN;133.859114441267;NaN;NaN;
120;91448;20240620;SXS_FAUX;1;Stylusb;171.501388337995;637.428462773838;490.569304846109;401;SXS du C3D = pointe à la frame 401 (écart 15 mm)
120;91448;20250826;SANS_POINTAGE_PLAUSIBLE;0;;NaN;160.882845562057;NaN;NaN;
121;1037973;20240620;SXS_FAUX;1;Stylusb;160.78881778814;678.570726226277;599.629751649082;1;SXS du C3D = pointe à la frame 1 (écart 15 mm)
121;1037973;20250904;SANS_POINTAGE_PLAUSIBLE;0;;NaN;139.442539922352;NaN;NaN;
122;97516068;20240625;OK;1;Stylusb;145.464655081633;145.494368762113;0.0441799875352779;NaN;
122;97516068;20250715;SANS_POINTAGE_PLAUSIBLE;0;;NaN;129.924876943614;NaN;NaN;
123;32981;20240625;OK;1;Stylusb;206.847033252448;206.846735760991;3.00257023041556e-05;NaN;
123;32981;20250923;SANS_POINTAGE_PLAUSIBLE;0;;NaN;202.045236090371;NaN;NaN;
124;98938674;20240716;OK;1;Stylusb;178.743382186922;178.762026290881;2.25115727912403e-05;NaN;
124;98938674;20250923;SANS_POINTAGE_PLAUSIBLE;0;;NaN;166.384759796225;NaN;NaN;
125;342134;20240704;OK;1;Stylusb;185.387214970388;185.410084915762;0.106686415953754;NaN;
125;342134;20251120;SANS_POINTAGE_PLAUSIBLE;0;;NaN;167.332434006353;NaN;NaN;
126;309357;20220531;OK;1;Stylus1;143.723774048798;143.723281773816;0.00032558064098453;NaN;
126;309357;20240718;OK;1;Stylusb;183.813064035192;183.79317622278;1.67192629048953e-05;NaN;
126;309357;20251113;SANS_POINTAGE_PLAUSIBLE;0;;NaN;162.968002159822;NaN;NaN;
127;739322;20240815;OK;1;Stylusb;162.372448614313;162.373620729018;0.197532619652118;NaN;
127;739322;20250930;SANS_POINTAGE_PLAUSIBLE;0;;NaN;153.595889693548;NaN;NaN;
128;841306;20240827;OK;1;Stylusb;202.355902796553;202.367868946873;5.01548820756872e-05;NaN;
128;841306;20250925;SANS_POINTAGE_PLAUSIBLE;0;;NaN;177.510268073385;NaN;NaN;
129;196276;20240822;OK;1;Stylusb;174.309195590333;174.309633724302;0.0898900684283461;NaN;
129;196276;20251009;SANS_POINTAGE_PLAUSIBLE;0;;NaN;171.17470978604;NaN;NaN;
130;84788;20240829;OK;1;Stylusb;178.623640959158;178.628566383526;2.75155246241022e-05;NaN;
130;84788;20251021;SANS_POINTAGE_PLAUSIBLE;0;;NaN;164.979247953812;NaN;NaN;
131;97185403;20230829;OK;1;Stylus1;133.044306414005;133.044435614175;0.000310198093248844;NaN;
131;97185403;20240829;OK;1;Stylusb;155.676773852335;155.670076976313;5.21996560945362e-05;NaN;
131;97185403;20251111;SANS_POINTAGE_PLAUSIBLE;0;;NaN;143.06603269782;NaN;NaN;
132;108340;20240903;OK;1;Stylusb;151.693425997506;151.676695457372;2.68721374779017e-05;NaN;
132;108340;20251104;SANS_POINTAGE_PLAUSIBLE;0;;NaN;142.908214302568;NaN;NaN;
133;364239;20240910;OK;1;Stylusb;194.31302351196;194.320957748626;0.0408892351329129;NaN;
133;364239;20250930;SANS_POINTAGE_PLAUSIBLE;0;;NaN;180.534179171045;NaN;NaN;
134;122206;20230928;OK;1;Stylus1;142.079627828439;142.079966149157;0.000364263208478128;NaN;
134;122206;20240912;OK;1;Stylusb;201.021388805072;201.017752381705;4.50627967193628e-05;NaN;
134;122206;20251014;SANS_POINTAGE_PLAUSIBLE;0;;NaN;162.695567011396;NaN;NaN;
135;351538;20240912;OK;1;Stylusb;176.731317547482;176.72129527985;2.60257491049901e-05;NaN;
135;351538;20251007;SANS_POINTAGE_PLAUSIBLE;0;;NaN;168.506520624757;NaN;NaN;
136;727608;20240917;OK;1;Stylusb;175.965514538572;175.961430470273;0.092389215624401;NaN;
136;727608;20251007;SANS_POINTAGE_PLAUSIBLE;0;;NaN;161.860147334478;NaN;NaN;
137;309124;20240926;OK;1;Stylusb;155.104999756696;155.100491595424;2.04884859638134e-05;NaN;
137;309124;20251014;SANS_POINTAGE_PLAUSIBLE;0;;NaN;181.651620130024;NaN;NaN;
138;403855;20240924;OK;1;Stylusb;193.061996991702;193.054302908068;0.0436490090897141;NaN;
138;403855;20251125;SANS_POINTAGE_PLAUSIBLE;0;;NaN;176.59306067674;NaN;NaN;
139;617113;20241001;OK;1;Stylusb;173.039598081307;173.09499479634;0.0586094855998369;NaN;
139;617113;20251118;SANS_POINTAGE_PLAUSIBLE;0;;NaN;157.186779150455;NaN;NaN;
140;78323;20241001;OK;1;Stylusb;196.859386126887;196.87287378727;0.0465155256810235;NaN;
140;78323;20251104;SANS_POINTAGE_PLAUSIBLE;0;;NaN;174.109265014791;NaN;NaN;
141;150695;20241008;OK;1;Stylusb;175.677345766682;175.686596662366;5.89229256457364e-05;NaN;
141;150695;20251113;SANS_POINTAGE_PLAUSIBLE;0;;NaN;165.719508526022;NaN;NaN;
142;634964;20241008;OK;1;Stylusb;169.757432762628;169.787606099938;5.74653928830706e-05;NaN;
142;634964;20251118;SANS_POINTAGE_PLAUSIBLE;0;;NaN;145.333759215971;NaN;NaN;
142;634964;20260224;SANS_POINTAGE_PLAUSIBLE;0;;NaN;175.832762596715;NaN;NaN;
143;95059;20241008;OK;1;Stylusb;206.441058944141;206.447523899016;9.76428369133681e-07;NaN;
143;95059;20251104;SANS_POINTAGE_PLAUSIBLE;0;;NaN;168.231856055104;NaN;NaN;
144;137512;20241015;OK;1;Stylusb;161.357606627758;161.355443198848;0.0554569051989934;NaN;
144;137512;20251202;SANS_POINTAGE_PLAUSIBLE;0;;NaN;163.450996051893;NaN;NaN;
145;206708;20241105;OK;1;Stylusb;168.203389816856;168.234069427843;0.136232060510838;NaN;
145;206708;20251118;SANS_POINTAGE_PLAUSIBLE;0;;NaN;157.522795810797;NaN;NaN;
146;1081453;20241105;OK;1;Stylusb;152.471868136061;152.501783400833;2.10962873758206e-05;NaN;
146;1081453;20251127;SANS_POINTAGE_PLAUSIBLE;0;;NaN;149.245569522868;NaN;NaN;
147;97206595;20241112;OK;1;Stylusb;175.457482757242;175.461549279103;0.0503489118510908;NaN;
147;97206595;20251216;SANS_POINTAGE_PLAUSIBLE;0;;NaN;167.795629336033;NaN;NaN;
148;58471;20241112;OK;1;Stylusb;164.45373384813;164.460493322176;5.04318930709859e-05;NaN;
148;58471;20260317;SANS_POINTAGE_PLAUSIBLE;0;;NaN;144.243153780988;NaN;NaN;
149;270331;20241126;OK;1;Stylusb;170.477819023178;170.498568714041;0.0717190857356441;NaN;
149;270331;20251202;SANS_POINTAGE_PLAUSIBLE;0;;NaN;164.901538284404;NaN;NaN;
150;869743;20241128;OK;1;Stylusb;174.445753094204;174.445266363577;3.15606396056002e-06;NaN;
150;869743;20260106;SANS_POINTAGE_PLAUSIBLE;0;;NaN;150.596118594088;NaN;NaN;
151;408670;20241128;OK;1;Stylusb;173.481734651303;173.567228751229;0.721442401596566;NaN;
151;408670;20251209;SANS_POINTAGE_PLAUSIBLE;0;;NaN;198.281294414364;NaN;NaN;
152;567097;20241210;OK;1;Stylusb;168.067525167633;168.058488663575;4.92705389666666e-05;NaN;
152;567097;20260120;SANS_POINTAGE_PLAUSIBLE;0;;NaN;165.861027938143;NaN;NaN;
152;567097;20260922;SANS_POINTAGE_PLAUSIBLE;0;;NaN;160.468359270274;NaN;NaN;
153;86669;20241210;OK;1;Stylusb;165.167090778563;165.155993981716;6.85899957607976e-06;NaN;
153;86669;20260106;SANS_POINTAGE_PLAUSIBLE;0;;NaN;169.091464841107;NaN;NaN;
154;501057;20241212;OK;1;Stylusb;144.883516380644;144.859377282491;0.0347660308520377;NaN;
154;501057;20260108;SANS_POINTAGE_PLAUSIBLE;0;;NaN;138.929640888231;NaN;NaN;
155;4895;20241217;OK;1;Stylusb;202.669863392441;202.674308689875;0.0481160085169593;NaN;
155;4895;20260122;SANS_POINTAGE_PLAUSIBLE;0;;NaN;196.088238559521;NaN;NaN;
156;96044917;20250107;OK;1;Stylusb;174.719472477828;174.697204593346;0.191192989958299;NaN;
156;96044917;20260609;SANS_POINTAGE_PLAUSIBLE;0;;NaN;164.414659225348;NaN;NaN;
157;236839;20250107;OK;1;Stylusb;207.31292762741;207.311645556835;5.37336476075958e-05;NaN;
157;236839;20260317;SANS_POINTAGE_PLAUSIBLE;0;;NaN;164.684371016934;NaN;NaN;
158;565328;20250114;A_VERIFIER;1;Stylusb;177.794564347156;NaN;NaN;1;SXS du C3D = pointe à la frame 1 (écart NaN mm)
158;565328;20260210;SANS_POINTAGE_PLAUSIBLE;0;;NaN;170.285891301254;NaN;NaN;
159;347304;20250121;OK;1;Stylusb;180.326843084441;180.325146968332;5.80812836403693e-05;NaN;
159;347304;20260210;SANS_POINTAGE_PLAUSIBLE;0;;NaN;150.93016227889;NaN;NaN;
160;218604;20250121;OK;1;Stylusb;171.571796126493;171.630874863445;2.28050602178993e-05;NaN;
160;218604;20260226;SANS_POINTAGE_PLAUSIBLE;0;;NaN;180.459849939743;NaN;NaN;
161;135853;20250204;OK;1;Stylusb;157.138715209375;157.138923786439;0.0702923011750139;NaN;
161;135853;20260224;SANS_POINTAGE_PLAUSIBLE;0;;NaN;154.185239077739;NaN;NaN;
163;97150272;20250311;OK;1;Stylusb;151.479352976865;151.498167657165;0.0626548500369884;NaN;
163;97150272;20260217;SANS_POINTAGE_PLAUSIBLE;0;;NaN;145.17380308684;NaN;NaN;
165;511398;20250318;OK;1;Stylusb;167.866725799696;167.879924835187;0.0358708422908678;NaN;
165;511398;20260402;SANS_POINTAGE_PLAUSIBLE;0;;NaN;167.971955383479;NaN;NaN;
166;549386;20250320;OK;1;Stylusb;146.371780406289;146.391057472227;0.0767006559303564;NaN;
166;549386;20260505;SANS_POINTAGE_PLAUSIBLE;0;;NaN;130.876457127523;NaN;NaN;
167;423;20250327;OK;1;Stylusb;182.64180870251;182.642606194262;5.36367518314787e-05;NaN;
167;423;20260507;SANS_POINTAGE_PLAUSIBLE;0;;NaN;161.624703340085;NaN;NaN;
168;98723993;20250325;OK;1;Stylusb;161.637721709762;161.690067469074;0.0878629261005149;NaN;
168;98723993;20260414;SANS_POINTAGE_PLAUSIBLE;0;;NaN;156.219385519614;NaN;NaN;
169;977846;20250401;OK;1;Stylusb;174.661082354787;174.660773757944;1.72629393731357e-05;NaN;
169;977846;20260430;SANS_POINTAGE_PLAUSIBLE;0;;NaN;152.700932592958;NaN;NaN;
170;97133054;20250401;OK;1;Stylusb;172.445669040539;172.444169379891;3.81165739319046e-05;NaN;
170;97133054;20260305;SANS_POINTAGE_PLAUSIBLE;0;;NaN;177.346571413544;NaN;NaN;
172;14061;20250401;OK;1;Stylusb;149.263585025172;149.266969229909;0.0216747292509381;NaN;
172;14061;20260428;SANS_POINTAGE_PLAUSIBLE;0;;NaN;138.199552765674;NaN;NaN;
173;155208;20250403;OK;1;Stylusb;160.760473092631;160.769012927983;0.258285013080776;NaN;
173;155208;20260519;SANS_POINTAGE_PLAUSIBLE;0;;NaN;168.557591974891;NaN;NaN;
174;229421;20250408;OK;1;Stylusb;164.946263768111;164.9005140596;0.400760321709778;NaN;
174;229421;20260519;SANS_POINTAGE_PLAUSIBLE;0;;NaN;170.993738475842;NaN;NaN;
175;589478;20250415;OK;1;Stylusb;198.150887973364;198.150133813041;2.49453494241399e-05;NaN;
175;589478;20251007;SANS_POINTAGE_PLAUSIBLE;0;;NaN;179.263510312268;NaN;NaN;
175;589478;20260428;SANS_POINTAGE_PLAUSIBLE;0;;NaN;167.415957503838;NaN;NaN;
176;958013;20250114;A_VERIFIER;1;Stylusb;153.570414016371;NaN;NaN;1;SXS du C3D = pointe à la frame 1 (écart NaN mm)
176;958013;20250429;OK;1;Stylusb;168.341576725784;168.340178399959;6.29536368848991e-06;NaN;
176;958013;20260507;SANS_POINTAGE_PLAUSIBLE;0;;NaN;135.286154974555;NaN;NaN;
177;98799235;20250506;OK;1;Stylusb;186.819051872104;186.825180082696;0.0661448750359604;NaN;
177;98799235;20260519;SANS_POINTAGE_PLAUSIBLE;0;;NaN;194.88016792841;NaN;NaN;
178;473433;20250513;OK;1;Stylusb;182.127327092778;182.122248363187;0.0568286944638001;NaN;
178;473433;20260609;SANS_POINTAGE_PLAUSIBLE;0;;NaN;178.797257423393;NaN;NaN;
179;728109;20250515;OK;1;Stylusb;164.261514868131;164.26662718908;2.65260755310323e-05;NaN;
179;728109;20260526;SANS_POINTAGE_PLAUSIBLE;0;;NaN;146.926516853871;NaN;NaN;
180;307818;20250520;SANS_POINTAGE_PLAUSIBLE;0;;NaN;167.50923222681;NaN;NaN;
180;307818;20260611;SANS_POINTAGE_PLAUSIBLE;0;;NaN;169.639518992882;NaN;NaN;
181;66072;20250520;SANS_POINTAGE_PLAUSIBLE;0;;NaN;161.812347117;NaN;NaN;
181;66072;20260528;SANS_POINTAGE_PLAUSIBLE;0;;NaN;152.909874262873;NaN;NaN;
182;762166;20250527;SANS_POINTAGE_PLAUSIBLE;0;;NaN;NaN;NaN;NaN;
182;762166;20260623;SANS_POINTAGE_PLAUSIBLE;0;;NaN;198.156963099769;NaN;NaN;
